timestamps,TP9,AF7,AF8,TP10,Right AUX
1623671620.286,-0.488,-0.488,-0.488,-0.488,0.000
1623671620.290,-0.488,-0.488,3.418,1.953,0.000
1623671620.294,31.738,45.410,13.184,24.902,0.000
1623671620.298,-131.836,-129.395,-94.238,-106.934,0.000
1623671620.301,522.461,457.031,435.059,439.453,0.000
1623671620.305,228.027,785.156,-41.504,275.391,0.000
1623671620.309,-1000.000,-673.340,-1000.000,-925.781,0.000
1623671620.313,-969.238,-1000.000,-920.410,-989.258,0.000
1623671620.317,-1000.000,-1000.000,-1000.000,-568.359,0.000
1623671620.321,136.230,-135.254,-45.898,430.176,0.000
1623671620.325,-929.688,-801.270,506.348,841.309,0.000
1623671620.328,-329.102,193.359,-855.957,-358.887,0.000
1623671620.333,-1000.000,-1000.000,-1000.000,-999.023,0.000
1623671620.336,-445.312,-661.621,-725.586,-253.418,0.000
1623671620.340,845.703,726.562,588.867,760.742,0.000
1623671620.344,-868.164,-834.961,-997.559,926.758,0.000
1623671620.348,148.438,198.730,-257.324,-169.922,0.000
1623671620.352,-1000.000,-1000.000,-1000.000,-1000.000,0.000
1623671620.356,-284.180,-367.188,-405.273,-201.172,0.000
1623671620.360,963.379,929.199,860.840,875.488,0.000
1623671620.364,-909.180,-903.320,-891.602,929.688,0.000
1623671620.367,272.461,410.645,165.039,29.785,0.000
1623671620.371,-1000.000,-1000.000,-1000.000,-995.117,0.000
1623671620.375,-408.203,-702.148,-474.609,-419.434,0.000
1623671620.377,936.523,778.320,844.238,790.527,0.000
1623671620.381,-990.723,995.117,-947.266,973.145,0.000
1623671620.385,893.555,-962.402,718.262,444.824,0.000
1623671620.388,-621.094,-189.941,-706.055,-634.766,0.000
1623671620.392,-523.926,-1000.000,-379.883,-550.293,0.000
1623671620.396,985.840,496.094,-985.352,715.332,0.000
1623671620.400,969.727,-946.289,948.730,996.094,0.000
1623671620.403,988.770,-973.633,-986.328,517.090,0.000
1623671620.407,-410.645,-183.105,-277.832,-589.844,0.000
1623671620.411,-810.059,-1000.000,-442.383,-739.746,0.000
1623671620.415,739.258,393.066,-995.605,570.312,0.000
1623671620.419,-896.973,-841.309,953.613,-981.445,0.000
1623671620.415,715.332,722.656,-951.172,471.191,0.000
1623671620.418,-624.512,-559.570,-31.738,-608.398,0.000
1623671620.422,-1000.000,-1000.000,-292.969,-843.750,0.000
1623671620.426,148.438,-145.020,-995.605,367.676,0.000
1623671620.429,-819.336,972.656,931.641,963.867,0.000
1623671620.433,548.828,-928.711,-923.340,441.895,0.000
1623671620.436,-755.371,177.246,431.152,-508.301,0.000
1623671620.440,-1000.000,-1000.000,-230.957,-969.238,0.000
1623671620.443,-207.520,-517.090,802.246,-43.945,0.000
1623671620.447,-908.203,909.668,976.074,835.449,0.000
1623671620.451,750.977,-927.246,-917.969,511.230,0.000
1623671620.454,-586.426,-175.293,294.434,-508.301,0.000
1623671620.449,-1000.000,-1000.000,-748.535,-1000.000,0.000
1623671620.453,-169.434,-207.031,479.004,-103.516,0.000
1623671620.456,-990.723,976.074,-975.098,873.047,0.000
1623671620.460,-982.910,-913.574,-937.988,534.180,0.000
1623671620.463,-122.070,100.098,157.227,-445.801,0.000
1623671620.466,-1000.000,-1000.000,-1000.000,-1000.000,0.000
1623671620.470,-180.176,-189.941,153.320,-208.496,0.000
1623671620.473,-997.070,-998.535,-950.195,900.879,0.000
1623671620.477,-951.660,-929.199,-994.629,603.516,0.000
1623671620.480,25.391,140.137,72.754,-412.598,0.000
1623671620.483,-1000.000,-1000.000,-1000.000,-1000.000,0.000
1623671620.487,-467.285,-912.598,-392.090,-539.062,0.000
1623671620.484,858.887,379.395,889.648,664.551,0.000
1623671620.487,-875.488,-781.250,-902.344,870.605,0.000
1623671620.490,174.805,141.113,98.633,-225.586,0.000
1623671620.494,-1000.000,-1000.000,-1000.000,-1000.000,0.000
1623671620.497,-751.465,-1000.000,-695.801,-632.812,0.000
1623671620.500,604.980,37.598,557.617,518.066,0.000
1623671620.504,-818.359,-771.484,-845.703,960.938,0.000
1623671620.507,156.738,145.508,94.238,-64.941,0.000
1623671620.510,-1000.000,-1000.000,-1000.000,-1000.000,0.000
1623671620.514,-1000.000,-1000.000,-967.773,-814.941,0.000
1623671620.517,206.543,-184.570,156.738,317.383,0.000
1623671620.520,-773.926,-812.012,-806.152,-962.402,0.000
1623671620.519,234.863,384.277,171.875,111.328,0.000
1623671620.523,-993.652,-938.965,-1000.000,-982.910,0.000
1623671620.526,-1000.000,-1000.000,-1000.000,-892.090,0.000
1623671620.529,-43.945,-217.285,-95.703,174.805,0.000
1623671620.532,-812.988,-949.707,-828.125,-987.793,0.000
1623671620.536,509.766,906.738,239.746,306.152,0.000
1623671620.539,-849.609,-389.648,-973.145,-804.688,0.000
1623671620.542,-1000.000,-1000.000,-1000.000,-922.852,0.000
1623671620.545,-67.871,-211.914,-205.078,104.980,0.000
1623671620.548,-845.215,-902.832,-837.402,-978.516,0.000
1623671620.552,615.723,768.555,263.184,405.762,0.000
1623671620.555,-746.094,-592.285,-982.910,-775.391,0.000
1623671620.556,-1000.000,-1000.000,-1000.000,-965.332,0.000
1623671620.559,-101.562,-226.562,-402.832,10.742,0.000
1623671620.563,-948.242,982.910,-937.012,-994.141,0.000
1623671620.566,939.453,-949.219,472.168,618.652,0.000
1623671620.569,-301.758,-115.234,-866.211,-590.820,0.000
1623671620.572,-1000.000,-1000.000,-1000.000,-1000.000,0.000
1623671620.575,-102.539,-172.363,-316.895,-9.277,0.000
1623671620.579,-978.516,996.094,-940.918,-984.863,0.000
1623671620.582,-967.773,-939.941,671.387,693.848,0.000
1623671620.585,-66.895,72.266,-641.113,-478.027,0.000
1623671620.588,-1000.000,-1000.000,-1000.000,-1000.000,0.000
1623671620.591,-187.500,-530.762,-582.520,-280.273,0.000
1623671620.596,986.816,824.219,787.598,828.125,0.000
1623671620.599,-926.758,-847.168,912.109,820.312,0.000
1623671620.603,144.043,134.766,-437.012,-350.098,0.000
1623671620.606,-1000.000,-996.094,-1000.000,-1000.000,0.000
1623671620.609,-375.000,-1000.000,-881.348,-554.199,0.000
1623671620.612,920.898,-225.586,239.258,538.574,0.000
1623671620.616,-895.996,-825.195,-871.094,961.426,0.000
1623671620.619,214.844,242.188,-44.922,-83.984,0.000
1623671620.622,-1000.000,-1000.000,-1000.000,-1000.000,0.000
1623671620.625,-611.816,-1000.000,-937.500,-650.879,0.000
1623671620.629,763.672,152.832,227.539,513.672,0.000
1623671620.632,-850.586,-767.578,-840.820,998.047,0.000
1623671620.634,176.270,178.711,-17.578,-34.180,0.000
1623671620.637,-1000.000,-1000.000,-1000.000,-1000.000,0.000
1623671620.640,-918.457,-1000.000,-1000.000,-756.836,0.000
1623671620.643,428.711,-74.707,94.727,407.715,0.000
1623671620.647,-891.602,-903.320,-937.012,957.520,0.000
1623671620.650,-5.371,204.590,-153.809,-16.602,0.000
1623671620.653,-992.676,-910.156,-1000.000,-958.984,0.000
1623671620.656,-1000.000,-1000.000,-1000.000,-844.238,0.000
1623671620.660,-42.969,-250.977,-115.234,223.145,0.000
1623671620.663,-791.992,-863.281,-809.082,-941.406,0.000
1623671620.666,384.766,583.496,250.488,315.430,0.000
1623671620.669,-920.898,-811.035,-986.328,-870.605,0.000
1623671620.674,-1000.000,-1000.000,-1000.000,-912.598,0.000
1623671620.677,-196.777,-220.703,-232.422,133.301,0.000
1623671620.680,-866.211,-958.496,-857.422,-960.449,0.000
1623671620.683,622.559,911.133,451.172,493.164,0.000
1623671620.687,-751.465,-389.648,-872.559,-704.102,0.000
1623671620.690,-1000.000,-1000.000,-1000.000,-975.586,0.000
1623671620.693,-216.797,-223.633,-141.602,73.730,0.000
1623671620.696,-854.004,-864.746,-842.285,-937.988,0.000
1623671620.699,521.973,605.957,450.195,466.797,0.000
1623671620.703,-844.238,-766.113,-844.238,-746.094,0.000
1623671620.706,-1000.000,-1000.000,-1000.000,-1000.000,0.000
1623671620.709,-325.684,-533.203,-336.914,-199.707,0.000
1623671620.713,-961.426,857.422,-972.656,913.574,0.000
1623671620.716,805.176,-950.684,765.137,683.594,0.000
1623671620.720,-542.480,-265.137,-529.297,-531.738,0.000
1623671620.723,-1000.000,-1000.000,-1000.000,-1000.000,0.000
1623671620.726,-500.977,-799.316,-459.473,-387.695,0.000
1623671620.729,848.633,472.168,853.027,757.812,0.000
1623671620.733,-934.082,-789.551,998.047,851.074,0.000
1623671620.736,-179.688,131.348,-182.129,-318.359,0.000
1623671620.739,-1000.000,-1000.000,-1000.000,-1000.000,0.000
1623671620.742,-839.844,-1000.000,-716.309,-575.684,0.000
1623671620.746,464.844,22.461,594.238,582.520,0.000
1623671620.749,-829.102,-779.297,-943.848,923.340,0.000
1623671620.755,-95.703,76.660,-181.641,-235.840,0.000
1623671620.758,-1000.000,-1000.000,-1000.000,-1000.000,0.000
1623671620.761,-973.145,-1000.000,-815.918,-638.672,0.000
1623671620.764,212.402,-133.301,402.832,469.727,0.000
1623671620.768,-774.414,-795.410,-851.562,992.188,0.000
1623671620.771,100.098,153.809,7.812,-58.105,0.000
1623671620.774,-1000.000,-1000.000,-1000.000,-1000.000,0.000
1623671620.778,-1000.000,-1000.000,-941.895,-723.633,0.000
1623671620.781,-23.438,-263.184,169.434,362.793,0.000
1623671620.784,-781.738,-827.637,-808.594,-973.145,0.000
1623671620.787,143.066,309.082,154.785,96.680,0.000
1623671620.791,-1000.000,-984.375,-1000.000,-995.117,0.000
1623671620.796,-1000.000,-1000.000,-1000.000,-869.629,0.000
1623671620.799,-240.234,-261.230,-177.734,156.738,0.000
1623671620.802,-824.707,-834.473,-829.102,-952.148,0.000
1623671620.806,181.641,316.406,120.605,176.758,0.000
1623671620.809,-1000.000,-983.398,-1000.000,-994.629,0.000
1623671620.812,-1000.000,-1000.000,-1000.000,-899.414,0.000
1623671620.816,-228.516,-254.883,-177.246,141.113,0.000
1623671620.819,-821.289,-837.402,-825.195,-950.684,0.000
1623671620.822,212.891,413.574,145.020,202.637,0.000
1623671620.825,-1000.000,-923.340,-1000.000,-949.219,0.000
1623671620.829,-1000.000,-1000.000,-1000.000,-955.078,0.000
1623671620.832,-321.777,-382.324,-423.828,-104.004,0.000
1623671620.839,-867.676,985.352,-940.430,956.055,0.000
1623671620.842,492.188,924.805,446.289,513.672,0.000
1623671620.845,-873.535,-399.414,-905.762,-732.422,0.000
1623671620.849,-1000.000,-1000.000,-1000.000,-1000.000,0.000
1623671620.852,-511.719,-740.234,-616.211,-296.875,0.000
1623671620.855,943.359,557.129,786.133,791.016,0.000
1623671620.859,832.520,-813.477,766.113,755.859,0.000
1623671620.862,-579.102,90.332,-616.211,-488.281,0.000
1623671620.865,-1000.000,-1000.000,-1000.000,-1000.000,0.000
1623671620.868,-758.301,-945.801,-667.480,-427.734,0.000
1623671620.872,646.973,348.633,694.336,690.918,0.000
1623671620.875,992.676,-792.480,900.391,835.449,0.000
1623671620.881,-438.477,42.480,-442.871,-383.301,0.000
1623671620.885,-1000.000,-1000.000,-1000.000,-1000.000,0.000
1623671620.888,-799.805,-967.773,-671.875,-464.844,0.000
1623671620.891,509.277,242.676,624.023,642.090,0.000
1623671620.894,-841.797,-776.367,-944.824,914.062,0.000
1623671620.898,-135.254,407.715,-166.016,-202.637,0.000
1623671620.901,-1000.000,-895.020,-1000.000,-1000.000,0.000
1623671620.904,-1000.000,-1000.000,-857.422,-656.738,0.000
1623671620.908,123.535,-86.426,348.633,462.891,0.000
1623671620.911,-778.320,-799.805,-870.605,967.285,0.000
1623671620.914,45.898,151.367,-74.707,-135.742,0.000
1623671620.918,-1000.000,-1000.000,-1000.000,-1000.000,0.000
1623671620.925,-1000.000,-1000.000,-1000.000,-760.742,0.000
1623671620.928,-148.438,-261.719,-7.812,295.410,0.000
1623671620.932,-805.664,-831.055,-815.430,-988.770,0.000
1623671620.935,172.363,297.852,132.812,45.410,0.000
1623671620.938,-1000.000,-1000.000,-1000.000,-1000.000,0.000
1623671620.942,-1000.000,-1000.000,-880.371,-780.762,0.000
1623671620.945,36.133,16.113,303.711,355.957,0.000
1623671620.948,-773.926,-777.832,-808.105,-956.543,0.000
1623671620.952,149.902,326.660,265.137,147.949,0.000
1623671620.955,-1000.000,-942.383,-989.746,-969.238,0.000
1623671620.958,-1000.000,-1000.000,-1000.000,-883.301,0.000
1623671620.962,-241.211,-247.070,-13.672,191.895,0.000
1623671620.969,-826.172,-869.141,-839.355,-956.543,0.000
1623671620.972,325.684,613.281,471.680,389.648,0.000
1623671620.975,-971.191,-771.484,-826.172,-780.762,0.000
1623671620.979,-1000.000,-1000.000,-1000.000,-956.055,0.000
1623671620.982,-247.070,-287.109,-95.215,60.059,0.000
1623671620.985,-876.465,993.164,-905.273,-979.004,0.000
1623671620.989,627.441,973.145,755.371,616.699,0.000
1623671620.992,-737.793,-272.949,-499.512,-571.777,0.000
1623671620.995,-1000.000,-1000.000,-1000.000,-1000.000,0.000
1623671620.999,-358.398,-524.902,-261.230,-189.453,0.000
1623671621.002,-965.820,856.445,-951.172,915.039,0.000
1623671621.005,772.461,-925.293,791.504,688.477,0.000
1623671621.013,-595.215,-175.781,-475.098,-530.273,0.000
1623671621.017,-1000.000,-1000.000,-1000.000,-1000.000,0.000
1623671621.020,-470.215,-644.043,-423.340,-352.539,0.000
1623671621.023,919.434,697.266,942.871,800.781,0.000
1623671621.027,962.891,-832.520,854.492,753.906,0.000
1623671621.030,-370.605,60.547,-437.988,-459.473,0.000
1623671621.033,-1000.000,-1000.000,-1000.000,-1000.000,0.000
1623671621.037,-774.902,-1000.000,-751.953,-572.754,0.000
1623671621.040,542.969,115.723,553.223,534.180,0.000
1623671621.043,-846.680,-767.090,950.195,808.105,0.000
1623671621.047,-125.000,110.840,-408.203,-372.070,0.000
1623671621.050,-1000.000,-1000.000,-1000.000,-1000.000,0.000
1623671621.057,-972.168,-1000.000,-968.262,-693.359,0.000
1623671621.061,214.355,-69.336,182.129,402.832,0.000
1623671621.064,-784.180,-788.574,-939.941,927.246,0.000
1623671621.067,80.566,165.527,-225.098,-217.773,0.000
1623671621.071,-1000.000,-1000.000,-1000.000,-1000.000,0.000
1623671621.074,-985.352,-1000.000,-918.457,-722.168,0.000
1623671621.078,229.980,39.062,220.703,395.020,0.000
1623671621.081,-773.438,-770.020,-842.773,981.445,0.000
1623671621.084,122.559,135.254,-24.902,-87.402,0.000
1623671621.088,-1000.000,-1000.000,-1000.000,-1000.000,0.000
1623671621.091,-1000.000,-1000.000,-1000.000,-820.801,0.000
1623671621.094,-156.738,-262.695,-75.684,219.727,0.000
1623671621.102,-806.152,-827.637,-812.500,-962.402,0.000
1623671621.106,165.039,304.688,125.488,132.324,0.000
1623671621.109,-1000.000,-986.816,-1000.000,-999.023,0.000
1623671621.113,-1000.000,-1000.000,-1000.000,-859.863,0.000
1623671621.116,-244.141,-234.375,-146.973,195.801,0.000
1623671621.119,-832.520,-920.898,-842.773,-952.148,0.000
1623671621.123,425.781,812.500,476.562,443.359,0.000
1623671621.126,-919.922,-508.789,-821.289,-735.840,0.000
1623671621.130,-1000.000,-1000.000,-1000.000,-985.352,0.000
1623671621.133,-255.859,-429.688,-203.125,-19.043,0.000
1623671621.136,-853.516,-983.887,-873.047,-995.117,0.000
1623671621.140,474.609,761.230,512.695,537.598,0.000
1623671621.147,-887.207,-645.996,-787.598,-686.523,0.000
1623671621.150,-1000.000,-1000.000,-1000.000,-1000.000,0.000
1623671621.154,-298.340,-449.219,-261.719,-91.309,0.000
1623671621.157,-926.758,943.848,-928.223,961.426,0.000
1623671621.161,736.816,952.637,716.797,682.617,0.000
1623671621.164,-640.625,-401.367,-598.145,-545.410,0.000
1623671621.168,-1000.000,-1000.000,-1000.000,-1000.000,0.000
1623671621.171,-227.539,-233.398,-206.543,-58.594,0.000
1623671621.174,-994.141,959.473,-976.074,980.957,0.000
1623671621.178,980.957,-923.340,925.293,772.461,0.000
1623671621.181,-217.773,51.270,-218.262,-363.281,0.000
1623671621.185,-1000.000,-1000.000,-1000.000,-1000.000,0.000
1623671621.193,-471.680,-884.277,-439.453,-349.121,0.000
1623671621.196,841.309,402.832,837.402,750.977,0.000
1623671621.200,-884.277,-792.480,-921.875,918.945,0.000
1623671621.203,70.312,182.617,13.184,-150.391,0.000
1623671621.206,-1000.000,-1000.000,-1000.000,-1000.000,0.000
1623671621.210,-633.301,-769.531,-499.023,-471.191,0.000
1623671621.213,727.051,604.492,808.594,716.797,0.000
1623671621.217,-845.215,-817.383,-886.719,959.961,0.000
1623671621.220,153.809,166.504,73.242,-79.590,0.000
1623671621.224,-1000.000,-1000.000,-1000.000,-1000.000,0.000
1623671621.227,-803.223,-938.965,-739.258,-623.047,0.000
1623671621.230,540.527,354.004,560.059,565.430,0.000
1623671621.238,-807.129,-776.367,-866.699,998.535,0.000
1623671621.241,151.855,177.246,-15.137,2.930,0.000
1623671621.245,-1000.000,-1000.000,-1000.000,-1000.000,0.000
1623671621.248,-1000.000,-1000.000,-999.023,-733.887,0.000
1623671621.252,157.227,-88.867,58.105,372.070,0.000
1623671621.255,-779.297,-842.285,-802.246,-939.941,0.000
1623671621.258,365.723,660.645,260.742,358.887,0.000
1623671621.262,-921.875,-691.406,-975.098,-827.148,0.000
1623671621.265,-1000.000,-1000.000,-1000.000,-863.281,0.000
1623671621.269,-128.906,-196.289,-194.824,233.887,0.000
1623671621.272,-846.191,-959.961,-837.402,-954.590,0.000
1623671621.276,588.867,932.129,342.773,493.652,0.000
1623671621.284,-790.527,-348.145,-961.914,-706.055,0.000
1623671621.287,-1000.000,-1000.000,-1000.000,-895.020,0.000
1623671621.291,-87.891,-190.918,-85.938,233.887,0.000
1623671621.294,-859.863,-958.008,-850.098,-939.453,0.000
1623671621.298,662.598,952.637,501.953,546.387,0.000
1623671621.301,-691.406,-312.500,-807.129,-637.695,0.000
1623671621.304,-1000.000,-1000.000,-1000.000,-937.988,0.000
1623671621.308,-171.387,-182.129,-94.238,154.785,0.000
1623671621.311,-926.758,-979.492,-893.555,-955.078,0.000
1623671621.315,840.820,-997.559,699.219,661.133,0.000
1623671621.318,-465.820,-177.246,-548.340,-497.559,0.000
1623671621.322,-1000.000,-1000.000,-1000.000,-1000.000,0.000
1623671621.329,-195.801,-426.758,-242.188,-42.969,0.000
1623671621.333,981.934,865.234,984.375,958.984,0.000
1623671621.336,-938.965,-871.582,-992.188,852.539,0.000
1623671621.339,-7.812,175.781,-82.520,-248.047,0.000
1623671621.343,-1000.000,-1000.000,-1000.000,-1000.000,0.000
1623671621.346,-205.566,-342.285,-163.574,-31.738,0.000
1623671621.350,981.445,948.730,995.117,982.422,0.000
1623671621.353,-920.898,-904.785,-926.270,898.438,0.000
1623671621.357,190.430,211.914,187.500,-64.453,0.000
1623671621.360,-1000.000,-1000.000,-1000.000,-1000.000,0.000
1623671621.364,-402.832,-748.047,-253.418,-228.027,0.000
1623671621.367,915.039,619.141,976.074,876.465,0.000
1623671621.375,-892.578,-821.289,-943.848,979.004,0.000
1623671621.379,228.027,266.113,552.734,259.766,0.000
1623671621.382,-1000.000,-1000.000,-947.754,-828.613,0.000
1623671621.386,-528.320,-884.277,-272.949,-329.590,0.000
1623671621.389,834.961,462.402,-954.590,842.285,0.000
1623671621.393,-868.652,-869.141,943.848,994.629,0.000
1623671621.396,296.387,741.211,977.539,472.656,0.000
1623671621.400,-1000.000,-524.902,-372.559,-624.023,0.000
1623671621.403,-933.105,-1000.000,-487.305,-589.844,0.000
1623671621.407,373.047,-228.516,928.711,593.262,0.000
1623671621.410,-798.340,-850.098,-971.680,-967.285,0.000
1623671621.414,362.305,528.809,801.758,447.754,0.000
1623671621.421,-973.145,-884.766,-606.934,-736.816,0.000
1623671621.425,-1000.000,-1000.000,-709.473,-750.977,0.000
1623671621.428,226.562,-106.445,753.418,496.094,0.000
1623671621.432,-806.152,-862.793,-967.285,-950.684,0.000
1623671621.435,509.766,684.570,902.344,542.969,0.000
1623671621.439,-850.586,-683.105,-427.734,-642.090,0.000
1623671621.442,-1000.000,-1000.000,-744.629,-819.336,0.000
1623671621.446,118.164,-134.277,728.516,416.016,0.000
1623671621.449,-846.191,-954.102,-977.051,-953.613,0.000
1623671621.453,685.059,952.637,941.895,647.461,0.000
1623671621.456,-618.164,-294.434,-222.168,-481.934,0.000
1623671621.460,-1000.000,-1000.000,-1000.000,-926.270,0.000
1623671621.468,-152.344,-176.270,285.156,229.492,0.000
1623671621.471,-938.477,-991.211,-948.242,-945.312,0.000
1623671621.475,892.090,-958.008,965.820,709.961,0.000
1623671621.478,-382.812,-111.328,-80.078,-405.762,0.000
1623671621.482,-1000.000,-1000.000,-1000.000,-1000.000,0.000
1623671621.485,-174.805,-174.316,-89.355,3.418,0.000
1623671621.489,-997.559,985.352,-961.426,-969.238,0.000
1623671621.492,-961.914,-926.270,-993.164,804.688,0.000
1623671621.496,-69.336,161.133,-5.859,-288.574,0.000
1623671621.499,-1000.000,-1000.000,-1000.000,-1000.000,0.000
1623671621.503,-233.398,-443.848,-251.465,-96.680,0.000
1623671621.506,985.352,894.531,-992.188,979.004,0.000
1623671621.515,-968.750,-884.277,990.234,888.672,0.000
1623671621.518,103.516,215.820,-33.203,-112.793,0.000
1623671621.522,-1000.000,-1000.000,-1000.000,-958.984,0.000
1623671621.525,-331.543,-533.203,-350.586,-146.484,0.000
1623671621.529,940.430,834.473,902.832,897.949,0.000
1623671621.532,-905.762,-873.535,-895.508,977.539,0.000
1623671621.536,312.012,476.074,333.008,185.547,0.000
1623671621.540,-1000.000,-937.012,-1000.000,-954.102,0.000
1623671621.543,-572.754,-1000.000,-541.016,-532.715,0.000
1623671621.547,811.035,333.008,785.645,692.871,0.000
1623671621.550,-869.141,-810.547,-878.418,-982.422,0.000
1623671621.554,370.605,527.832,369.141,275.879,0.000
1623671621.561,-1000.000,-920.410,-1000.000,-880.859,0.000
1623671621.565,-676.758,-992.188,-674.805,-610.352,0.000
1623671621.568,739.258,474.121,690.918,634.277,0.000
1623671621.572,-918.457,-996.094,-911.621,-992.676,0.000
1623671621.576,758.301,-918.457,639.160,437.988,0.000
1623671621.579,-717.285,135.254,-739.746,-668.457,0.000
1623671621.583,-830.566,-1000.000,-745.605,-808.105,0.000
1623671621.586,678.711,388.184,647.949,455.566,0.000
1623671621.590,-902.832,-873.047,-862.793,-965.332,0.000
1623671621.593,747.070,892.578,452.148,350.098,0.000
1623671621.597,-622.559,-309.570,-822.754,-743.164,0.000
1623671621.600,-1000.000,-1000.000,-1000.000,-941.406,0.000
1623671621.607,341.797,-32.227,-7.324,212.891,0.000
1623671621.611,-960.938,-991.211,-845.215,-935.059,0.000
1623671621.614,-959.961,-930.664,508.301,543.945,0.000
1623671621.618,-85.449,146.484,-765.625,-587.891,0.000
1623671621.622,-1000.000,-1000.000,-1000.000,-996.582,0.000
1623671621.625,371.582,-145.508,-232.910,92.285,0.000
1623671621.629,-966.309,-989.746,-870.117,-938.965,0.000
1623671621.632,-933.105,-935.059,485.352,563.477,0.000
1623671621.636,162.598,235.352,-819.824,-557.617,0.000
1623671621.639,-1000.000,-1000.000,-1000.000,-1000.000,0.000
1623671621.643,226.562,-627.930,-756.836,-350.098,0.000
1623671621.646,-946.289,762.695,711.426,794.922,0.000
1623671621.654,-945.312,-838.379,475.586,564.453,0.000
1623671621.658,222.656,146.484,-994.629,-638.184,0.000
1623671621.661,-1000.000,-1000.000,-984.863,-1000.000,0.000
1623671621.665,2.441,-1000.000,-1000.000,-583.496,0.000
1623671621.668,-929.199,54.199,-71.289,398.438,0.000
1623671621.672,928.223,-937.012,349.609,536.133,0.000
1623671621.675,988.281,-997.559,-900.391,-421.387,0.000
1623671621.679,-448.730,-163.574,-1000.000,-1000.000,0.000
1623671621.683,-317.383,-1000.000,-1000.000,-753.906,0.000
1623671621.686,-917.969,-944.336,-686.035,54.688,0.000
1623671621.690,919.434,-997.559,-496.582,199.219,0.000
1623671621.693,-920.898,-997.559,-1000.000,-505.859,0.000
1623671621.700,-163.086,-944.336,-977.539,-1000.000,0.000
1623671621.704,-249.023,-1000.000,-1000.000,-761.230,0.000
1623671621.707,-946.777,-217.285,-668.457,161.133,0.000
1623671621.711,968.262,-834.473,-395.996,483.398,0.000
1623671621.715,987.305,574.707,-995.605,-317.871,0.000
1623671621.718,-487.793,-784.180,-1000.000,-1000.000,0.000
1623671621.722,-338.867,-1000.000,-1000.000,-808.105,0.000
1623671621.725,-900.879,-374.512,-906.738,-29.785,0.000
1623671621.729,877.441,911.133,-740.723,336.426,0.000
1623671621.732,-860.840,-913.086,-984.375,-232.910,0.000
1623671621.736,23.438,-127.441,-1000.000,-904.297,0.000
1623671621.740,-753.906,-1000.000,-999.512,-920.898,0.000
1623671621.747,775.879,-1000.000,-996.582,-272.949,0.000
1623671621.751,-994.629,-209.473,-683.105,284.668,0.000
1623671621.754,-960.449,-812.012,-830.566,-60.547,0.000
1623671621.758,115.234,178.223,-988.281,-795.410,0.000
1623671621.761,-1000.000,-1000.000,-1000.000,-1000.000,0.000
1623671621.765,-35.645,-266.113,-665.039,-280.273,0.000
1623671621.769,-767.090,-812.500,687.988,693.848,0.000
1623671621.772,314.453,497.070,-58.105,-18.555,0.000
1623671621.776,-936.035,-879.395,-1000.000,-997.070,0.000
1623671621.779,-1000.000,-1000.000,-981.445,-1000.000,0.000
1623671621.783,-454.590,-819.336,-953.613,-664.551,0.000
1623671621.786,-928.711,727.051,319.336,329.590,0.000
1623671621.793,429.199,642.090,90.820,37.598,0.000
1623671621.797,-959.961,-932.129,-1000.000,-975.586,0.000
1623671621.800,-1000.000,-1000.000,-978.516,-1000.000,0.000
1623671621.804,-833.984,-996.094,-1000.000,-735.840,0.000
1623671621.808,610.352,136.719,318.359,250.000,0.000
1623671621.811,910.156,-757.812,443.359,349.121,0.000
1623671621.815,-618.652,128.418,-965.820,-723.633,0.000
1623671621.818,-1000.000,-1000.000,-976.074,-1000.000,0.000
1623671621.822,-1000.000,-1000.000,-1000.000,-782.227,0.000
1623671621.826,121.582,-192.871,19.043,192.383,0.000
1623671621.829,-881.348,-821.289,639.160,620.605,0.000
1623671621.833,-303.223,113.281,-802.246,-483.887,0.000
1623671621.840,-1000.000,-1000.000,-1000.000,-1000.000,0.000
1623671621.844,-1000.000,-1000.000,-1000.000,-708.496,0.000
1623671621.847,115.234,-49.316,70.312,341.309,0.000
1623671621.851,-810.059,-792.969,890.625,800.293,0.000
1623671621.855,-64.941,199.707,-485.840,-342.285,0.000
1623671621.858,-1000.000,-1000.000,-1000.000,-1000.000,0.000
1623671621.862,-922.363,-816.406,-880.371,-744.141,0.000
1623671621.865,348.633,531.738,332.520,351.074,0.000
1623671621.869,-794.922,-797.363,-962.402,767.578,0.000
1623671621.873,-58.594,122.559,-288.086,-349.609,0.000
1623671621.876,-1000.000,-997.070,-1000.000,-1000.000,0.000
1623671621.880,-1000.000,-1000.000,-1000.000,-860.352,0.000
1623671621.887,-241.699,-264.648,-134.277,25.879,0.000
1623671621.890,-819.336,-830.566,-849.609,748.047,0.000
1623671621.894,157.227,358.398,25.391,-174.316,0.000
1623671621.897,-1000.000,-961.914,-1000.000,-1000.000,0.000
1623671621.901,-1000.000,-1000.000,-1000.000,-1000.000,0.000
1623671621.905,-256.348,-247.559,-147.461,-242.676,0.000
1623671621.908,-828.613,-833.008,-811.035,602.051,0.000
1623671621.912,157.227,291.016,175.781,-248.047,0.000
1623671621.916,-1000.000,-995.605,-1000.000,-1000.000,0.000
1623671621.919,-1000.000,-1000.000,-1000.000,-1000.000,0.000
1623671621.923,-724.609,-899.902,-493.652,-668.457,0.000
1623671621.926,869.629,654.785,998.047,319.824,0.000
1623671621.933,260.254,591.797,264.160,-98.145,0.000
1623671621.937,-1000.000,-966.797,-1000.000,-1000.000,0.000
1623671621.941,-994.141,-1000.000,-1000.000,-1000.000,0.000
1623671621.944,-962.891,-958.496,-588.379,-631.836,0.000
1623671621.948,560.059,262.695,835.938,362.793,0.000
1623671621.952,496.582,-935.059,652.832,270.508,0.000
1623671621.955,-1000.000,-991.699,-744.141,-753.418,0.000
1623671621.959,-937.500,-10.742,-1000.000,-1000.000,0.000
1623671621.962,-1000.000,-1000.000,-848.633,-716.309,0.000
1623671621.966,-85.938,-222.656,444.824,295.898,0.000
1623671621.970,508.789,-824.707,662.109,556.152,0.000
1623671621.973,-979.492,67.871,-746.094,-570.801,0.000
1623671621.980,-986.816,-1000.000,-1000.000,-1000.000,0.000
1623671621.983,-1000.000,-1000.000,-762.695,-551.270,0.000
1623671621.987,-29.785,-101.074,556.641,527.344,0.000
1623671621.991,521.973,-825.195,902.832,755.371,0.000
1623671621.994,-990.723,-109.375,-470.703,-483.887,0.000
1623671621.998,-1000.000,-1000.000,-1000.000,-1000.000,0.000
1623671622.001,-948.242,-947.754,-732.910,-541.992,0.000
1623671622.005,-1000.000,-992.188,570.801,250.488,0.000
1623671622.009,-1000.000,-1000.000,841.797,357.422,0.000
1623671622.012,-1000.000,-1000.000,-545.410,-508.789,0.000
1623671622.016,-915.039,-931.641,-1000.000,-965.332,0.000
1623671622.020,-1000.000,-1000.000,-876.953,-590.332,0.000
1623671622.027,-393.555,-394.531,232.422,294.922,0.000
1623671622.030,765.625,-861.816,-833.008,871.582,0.000
1623671622.034,-574.707,386.230,49.805,-75.195,0.000
1623671622.038,-1000.000,-964.355,-1000.000,-1000.000,0.000
1623671622.041,-1000.000,-1000.000,-943.848,-768.066,0.000
1623671622.045,-276.855,-211.426,141.113,278.809,0.000
1623671622.048,-924.805,-968.750,-825.195,-979.980,0.000
1623671622.052,-245.117,951.660,355.469,249.512,0.000
1623671622.056,-1000.000,-284.180,-925.293,-859.375,0.000
1623671622.059,-1000.000,-1000.000,-1000.000,-845.703,0.000
1623671622.063,-607.422,-742.676,-34.180,115.723,0.000
1623671622.067,999.512,832.031,-831.055,-983.887,0.000
1623671622.073,213.867,539.062,395.996,492.188,0.000
1623671622.077,-1000.000,-951.172,-953.613,-733.398,0.000
1623671622.080,-1000.000,-1000.000,-1000.000,-684.570,0.000
1623671622.084,-292.969,-231.934,147.461,366.211,0.000
1623671622.088,-839.355,942.383,-936.523,-966.309,0.000
1623671622.091,239.746,-898.926,854.980,727.051,0.000
1623671622.095,-1000.000,219.238,-322.266,-326.660,0.000
1623671622.098,-1000.000,-1000.000,-1000.000,-722.168,0.000
1623671622.102,-277.344,-265.625,135.742,312.988,0.000
1623671622.106,-838.379,-854.980,-935.547,-946.777,0.000
1623671622.109,253.906,700.684,938.477,788.086,0.000
1623671622.113,-1000.000,-675.781,-145.508,-253.418,0.000
1623671622.120,-1000.000,-1000.000,-1000.000,-726.074,0.000
1623671622.124,-774.902,-924.316,-58.105,206.543,0.000
1623671622.127,788.574,423.828,-980.957,985.352,0.000
1623671622.131,457.031,-958.984,-937.988,894.531,0.000
1623671622.135,-1000.000,-485.840,31.250,-96.680,0.000
1623671622.138,-946.289,-1000.000,-1000.000,-717.773,0.000
1623671622.142,-1000.000,-1000.000,150.391,131.348,0.000
1623671622.145,1.953,27.344,-948.730,944.336,0.000
1623671622.149,395.996,642.578,980.469,831.055,0.000
1623671622.153,-1000.000,-942.383,-9.766,-239.258,0.000
1623671622.156,-1000.000,-1000.000,-1000.000,-893.066,0.000
1623671622.160,-958.496,-940.918,-243.164,-169.922,0.000
1623671622.166,-1000.000,-1000.000,981.445,676.270,0.000
1623671622.170,-1000.000,-1000.000,-938.477,597.168,0.000
1623671622.174,-1000.000,-1000.000,101.562,-243.164,0.000
1623671622.177,-925.781,-938.477,-1000.000,-863.281,0.000
1623671622.181,-1000.000,-1000.000,-479.980,-404.785,0.000
1623671622.185,-154.785,-268.555,790.039,582.520,0.000
1623671622.188,880.371,-817.383,-872.559,970.703,0.000
1623671622.192,-599.609,169.922,259.277,-24.414,0.000
1623671622.196,-1000.000,-1000.000,-1000.000,-1000.000,0.000
1623671622.199,-1000.000,-1000.000,-769.531,-726.562,0.000
1623671622.203,-261.719,-262.207,501.465,373.535,0.000
1623671622.206,-855.469,-827.637,-835.449,-989.258,0.000
1623671622.213,-56.641,291.504,339.355,143.066,0.000
1623671622.217,-1000.000,-991.699,-1000.000,-973.145,0.000
1623671622.221,-1000.000,-1000.000,-808.105,-756.348,0.000
1623671622.224,-243.164,-203.613,474.609,388.672,0.000
1623671622.228,-817.871,-997.070,-873.047,999.023,0.000
1623671622.232,163.086,-971.191,535.156,321.289,0.000
1623671622.235,-1000.000,-89.355,-717.285,-735.840,0.000
1623671622.239,-1000.000,-1000.000,-1000.000,-894.531,0.000
1623671622.243,-301.758,-475.098,-105.957,51.758,0.000
1623671622.246,-844.238,-960.449,-838.867,977.051,0.000
1623671622.250,347.168,681.152,392.090,429.199,0.000
1623671622.254,-966.309,-750.488,-885.254,-779.297,0.000
1623671622.260,-1000.000,-1000.000,-1000.000,-962.891,0.000
1623671622.264,-300.781,-410.645,-369.629,-88.379,0.000
1623671622.267,-898.438,943.359,-923.340,941.406,0.000
1623671622.271,650.391,995.117,443.848,585.938,0.000
1623671622.275,-740.234,-316.406,-886.230,-651.855,0.000
1623671622.278,-1000.000,-1000.000,-1000.000,-1000.000,0.000
1623671622.282,-243.164,-236.328,-422.852,-143.066,0.000
1623671622.286,-889.648,-925.293,-938.965,931.152,0.000
1623671622.289,645.508,816.895,371.582,485.352,0.000
1623671622.293,-722.168,-530.762,-1000.000,-736.816,0.000
1623671622.296,-1000.000,-1000.000,-991.699,-1000.000,0.000
1623671622.300,-620.605,-811.523,-1000.000,-575.684,0.000
1623671622.307,807.129,469.238,239.746,452.148,0.000
1623671622.311,930.176,-802.246,360.840,571.289,0.000
1623671622.314,-508.789,-22.949,-1000.000,-593.262,0.000
1623671622.318,-1000.000,-1000.000,-944.336,-1000.000,0.000
1623671622.322,-955.566,-1000.000,-1000.000,-638.672,0.000
1623671622.325,226.562,-27.832,-152.344,344.238,0.000
1623671622.329,-820.312,-772.949,687.988,812.988,0.000
1623671622.333,-161.621,140.625,-726.562,-324.707,0.000
1623671622.336,-1000.000,-1000.000,-1000.000,-1000.000,0.000
1623671622.340,-1000.000,-1000.000,-1000.000,-702.637,0.000
1623671622.344,-184.570,-255.371,-380.859,197.266,0.000
1623671622.347,-831.055,-828.125,464.355,792.480,0.000
1623671622.353,-27.832,171.387,-680.664,-207.031,0.000
1623671622.357,-1000.000,-1000.000,-1000.000,-1000.000,0.000
1623671622.361,-1000.000,-1000.000,-1000.000,-701.172,0.000
1623671622.364,-216.309,-191.895,-270.508,243.164,0.000
1623671622.368,-817.383,971.191,959.473,901.855,0.000
1623671622.372,121.094,-910.156,-285.156,28.320,0.000
1623671622.375,-1000.000,221.191,-1000.000,-914.551,0.000
1623671622.379,-1000.000,-1000.000,-1000.000,-789.551,0.000
1623671622.383,-257.812,-292.969,-312.988,108.398,0.000
1623671622.386,-827.148,-804.199,-881.348,920.898,0.000
1623671622.390,182.129,391.113,83.008,136.230,0.000
1623671622.394,-1000.000,-940.430,-1000.000,-969.727,0.000
1623671622.401,-1000.000,-1000.000,-1000.000,-869.629,0.000
1623671622.404,-263.184,-305.664,-311.523,52.246,0.000
1623671622.408,-832.031,-906.738,-864.746,941.406,0.000
1623671622.412,350.098,687.012,340.332,317.871,0.000
1623671622.415,-964.844,-715.820,-980.469,-841.797,0.000
1623671622.419,-1000.000,-1000.000,-1000.000,-974.121,0.000
1623671622.423,-232.910,-200.195,-96.191,52.246,0.000
1623671622.426,-874.023,-951.172,-862.793,956.543,0.000
1623671622.430,631.348,899.414,560.547,426.270,0.000
1623671622.434,-742.188,-382.812,-714.844,-648.926,0.000
1623671622.437,-1000.000,-1000.000,-1000.000,-1000.000,0.000
1623671622.441,-179.199,-310.059,-199.707,-104.492,0.000
1623671622.447,979.492,911.133,-999.023,917.969,0.000
1623671622.451,-935.059,-893.555,982.422,751.953,0.000
1623671622.454,29.785,222.168,-109.863,-324.707,0.000
1623671622.458,-1000.000,-1000.000,-1000.000,-1000.000,0.000
1623671622.462,-224.121,-430.664,-135.254,-187.012,0.000
1623671622.465,990.234,911.621,-997.070,904.785,0.000
1623671622.469,-930.176,-890.625,-939.453,794.922,0.000
1623671622.473,95.703,216.309,134.766,-270.996,0.000
1623671622.476,-1000.000,-1000.000,-1000.000,-1000.000,0.000
1623671622.480,-349.609,-573.242,-211.914,-360.352,0.000
1623671622.484,929.688,807.129,978.027,823.730,0.000
1623671622.488,-899.414,-859.863,-924.805,867.676,0.000
1623671622.494,213.379,340.820,430.176,-7.324,0.000
1623671622.498,-1000.000,-1000.000,-1000.000,-961.914,0.000
1623671622.501,-540.039,-805.176,-263.184,-515.137,0.000
1623671622.505,827.148,652.832,-974.121,732.422,0.000
1623671622.509,-866.699,995.605,992.676,854.492,0.000
1623671622.512,248.535,-911.621,805.664,142.090,0.000
1623671622.516,-1000.000,-108.887,-307.617,-720.703,0.000
1623671622.520,-573.730,-715.820,63.477,-488.770,0.000
1623671622.524,808.105,794.922,-954.102,635.254,0.000
1623671622.527,-860.840,-837.891,961.914,778.809,0.000
1623671622.531,232.422,471.680,925.781,119.141,0.000
1623671622.535,-1000.000,-868.164,-329.590,-806.641,0.000
1623671622.541,-855.469,-1000.000,-153.320,-683.594,0.000
1623671622.544,455.566,72.754,-927.246,521.973,0.000
1623671622.548,-805.176,-965.332,923.828,905.762,0.000
1623671622.552,342.285,-953.125,-952.637,322.266,0.000
1623671622.555,-943.848,-13.672,461.914,-517.090,0.000
1623671622.559,-1000.000,-1000.000,311.035,-587.891,0.000
1623671622.563,40.039,110.352,-972.656,466.797,0.000
1623671622.566,-831.543,-965.332,961.426,955.566,0.000
1623671622.570,591.797,-974.609,974.609,458.008,0.000
1623671622.574,-713.379,646.484,903.809,-222.656,0.000
1623671622.578,-1000.000,-986.328,843.262,-466.797,0.000
1623671622.581,-194.824,-291.504,975.586,224.609,0.000
1623671622.588,-954.590,-963.379,952.637,892.090,0.000
1623671622.591,909.668,-930.176,-979.492,558.105,0.000
1623671622.595,-349.609,171.387,757.812,-278.809,0.000
1623671622.599,-1000.000,-1000.000,618.164,-633.789,0.000
1623671622.603,-152.344,-240.723,984.863,106.934,0.000
1623671622.606,995.117,985.352,944.824,817.383,0.000
1623671622.610,-939.941,-910.645,-973.633,604.980,0.000
1623671622.614,46.875,224.609,755.371,-255.371,0.000
1623671622.617,-1000.000,-1000.000,227.051,-846.680,0.000
1623671622.621,-163.574,-252.930,747.070,-58.105,0.000
1623671622.625,993.164,972.168,-999.023,854.004,0.000
1623671622.628,-916.016,-924.316,992.188,673.828,0.000
1623671622.634,267.090,519.531,828.125,-37.109,0.000
1623671622.638,-1000.000,-1000.000,65.918,-766.113,0.000
1623671622.642,-199.707,-421.387,519.043,-187.500,0.000
1623671622.645,999.023,978.027,-965.332,859.375,0.000
1623671622.649,-935.547,980.957,954.590,707.031,0.000
1623671622.653,492.676,933.105,932.129,89.355,0.000
1623671622.657,-1000.000,-522.461,-89.844,-697.754,0.000
1623671622.660,-313.477,-833.496,138.672,-425.293,0.000
1623671622.664,987.793,702.637,-977.539,735.352,0.000
1623671622.668,-926.758,-856.445,-991.699,814.941,0.000
1623671622.671,500.000,575.684,740.234,95.703,0.000
1623671622.675,-1000.000,-777.832,-737.305,-857.910,0.000
1623671622.681,-335.938,-1000.000,-311.523,-598.633,0.000
1623671622.685,-959.961,105.469,-974.609,670.410,0.000
1623671622.689,908.203,-983.887,980.469,904.297,0.000
1623671622.693,-897.949,-896.973,857.422,337.402,0.000
1623671622.696,-206.055,-42.480,-542.480,-645.996,0.000
1623671622.700,-567.383,-884.766,-430.664,-662.598,0.000
1623671622.704,922.363,597.656,962.402,627.930,0.000
1623671622.707,-936.035,-819.336,-959.961,961.914,0.000
1623671622.711,759.277,572.266,688.477,297.363,0.000
1623671622.715,-751.953,-755.371,-723.633,-748.047,0.000
1623671622.718,-822.266,-1000.000,-786.621,-783.691,0.000
1623671622.722,733.398,-1.953,645.996,461.426,0.000
1623671622.728,-994.141,-976.562,-965.332,-977.539,0.000
1623671622.732,-987.793,-955.078,906.738,597.656,0.000
1623671622.736,-142.090,-1.953,-320.312,-468.262,0.000
1623671622.739,-1000.000,-1000.000,-882.324,-871.094,0.000
1623671622.743,311.523,-115.723,562.012,320.801,0.000
1623671622.747,-955.078,-998.535,996.582,-976.562,0.000
1623671622.750,-962.891,-920.410,-937.988,655.762,0.000
1623671622.754,169.922,229.980,182.129,-298.828,0.000
1623671622.758,-1000.000,-1000.000,-1000.000,-1000.000,0.000
1623671622.761,-165.039,-228.516,96.191,-12.207,0.000
1623671622.765,-979.004,995.605,-953.125,987.305,0.000
1623671622.769,-937.012,-911.621,-964.844,660.645,0.000
1623671622.775,80.078,222.168,53.711,-351.074,0.000
1623671622.779,-1000.000,-1000.000,-1000.000,-1000.000,0.000
1623671622.783,-171.875,-197.754,70.312,-97.168,0.000
1623671622.786,997.559,999.512,-981.445,972.656,0.000
1623671622.790,-916.992,-927.246,-933.594,736.328,0.000
1623671622.794,214.355,331.543,301.758,-201.172,0.000
1623671622.797,-1000.000,-1000.000,-1000.000,-1000.000,0.000
1623671622.801,-213.867,-473.633,-9.277,-275.879,0.000
1623671622.805,-999.023,904.785,-966.797,856.445,0.000
1623671622.809,-924.805,-881.836,-951.660,764.648,0.000
1623671622.812,208.008,175.781,207.520,-208.984,0.000
1623671622.816,-1000.000,-1000.000,-1000.000,-1000.000,0.000
1623671622.822,-372.070,-984.375,-333.984,-484.375,0.000
1623671622.826,929.688,247.559,924.805,693.359,0.000
1623671622.829,-895.508,-787.598,-905.273,912.109,0.000
1623671622.833,257.812,416.016,332.031,20.996,0.000
1623671622.837,-1000.000,-1000.000,-1000.000,-998.047,0.000
1623671622.840,-422.852,-578.125,-394.043,-530.273,0.000
1623671622.844,904.785,846.191,918.945,724.609,0.000
1623671622.848,-896.973,-880.859,-906.738,948.730,0.000
1623671622.852,394.043,511.719,376.953,165.039,0.000
1623671622.855,-1000.000,-906.738,-1000.000,-893.066,0.000
1623671622.859,-708.496,-1000.000,-739.746,-658.203,0.000
1623671622.863,710.938,306.152,593.750,568.359,0.000
1623671622.869,-865.723,-866.211,-863.281,-989.746,0.000
1623671622.873,548.828,757.812,446.777,342.773,0.000
1623671622.876,-878.418,-574.707,-903.320,-772.949,0.000
1623671622.880,-977.051,-1000.000,-939.941,-790.527,0.000
1623671622.884,443.848,123.535,350.586,407.715,0.000
1623671622.888,-928.223,-966.797,-907.715,-979.004,0.000
1623671622.891,919.922,-957.031,762.695,538.574,0.000
1623671622.895,-246.094,110.352,-421.875,-515.137,0.000
1623671622.899,-1000.000,-1000.000,-1000.000,-972.168,0.000
1623671622.902,-77.148,-191.406,-107.910,92.773,0.000
1623671622.906,-959.961,-996.094,-905.762,-966.309,0.000
1623671622.910,-989.746,-922.363,780.762,687.988,0.000
1623671622.916,-146.484,113.770,-464.844,-443.848,0.000
1623671622.920,-1000.000,-1000.000,-1000.000,-951.172,0.000
1623671622.923,-75.195,-196.289,-55.664,140.625,0.000
1623671622.927,-954.590,-990.234,-899.414,-954.102,0.000
1623671622.931,-990.234,-926.758,775.391,716.309,0.000
1623671622.934,-120.605,78.125,-457.031,-402.344,0.000
1623671622.938,-1000.000,-1000.000,-1000.000,-980.469,0.000
1623671622.942,-142.090,-183.105,-171.875,18.555,0.000
1623671622.946,991.211,993.652,-976.074,986.328,0.000
1623671622.949,-918.945,-923.340,952.148,797.852,0.000
1623671622.953,177.734,234.863,-143.555,-259.277,0.000
1623671622.957,-1000.000,-1000.000,-1000.000,-1000.000,0.000
1623671622.963,-199.707,-431.152,-338.379,-209.473,0.000
1623671622.967,999.023,907.227,933.594,883.301,0.000
1623671622.970,-916.016,-878.418,-935.059,890.137,0.000
1623671622.974,223.633,258.301,34.668,-79.102,0.000
1623671622.978,-1000.000,-1000.000,-1000.000,-1000.000,0.000
1623671622.982,-210.449,-271.484,-244.629,-252.930,0.000
1623671622.985,998.535,976.074,969.727,904.297,0.000
1623671622.989,-925.781,-919.434,-916.992,902.832,0.000
1623671622.993,271.484,377.930,246.094,-17.578,0.000
1623671622.996,-1000.000,-1000.000,-1000.000,-1000.000,0.000
1623671623.000,-458.496,-834.473,-575.195,-576.172,0.000
1623671623.004,888.672,539.062,741.699,648.926,0.000
1623671623.010,-887.695,-824.219,-864.258,964.355,0.000
1623671623.013,347.656,470.703,248.535,107.910,0.000
1623671623.017,-1000.000,-953.613,-1000.000,-947.754,0.000
1623671623.021,-657.227,-964.844,-729.492,-716.309,0.000
1623671623.024,736.816,425.781,568.848,512.695,0.000
1623671623.028,-869.141,-880.371,-853.516,994.629,0.000
1623671623.032,541.992,790.527,439.453,277.832,0.000
1623671623.036,-829.102,-471.680,-861.816,-786.133,0.000
1623671623.039,-1000.000,-1000.000,-1000.000,-919.922,0.000
1623671623.043,155.273,-132.812,78.613,221.680,0.000
1623671623.047,-800.781,-880.371,-817.871,-979.004,0.000
1623671623.051,472.168,738.281,317.383,289.551,0.000
1623671623.057,-862.305,-616.699,-948.730,-820.312,0.000
1623671623.060,-1000.000,-1000.000,-1000.000,-953.613,0.000
1623671623.064,-56.152,-195.801,-119.629,107.910,0.000
1623671623.068,-833.496,-953.613,-833.008,996.094,0.000
1623671623.072,572.754,917.480,387.695,381.348,0.000
1623671623.075,-775.391,-371.582,-895.508,-729.980,0.000
1623671623.079,-1000.000,-1000.000,-1000.000,-987.305,0.000
1623671623.083,-205.078,-190.430,-236.328,0.488,0.000
1623671623.086,-889.160,-959.473,-880.371,992.676,0.000
1623671623.090,691.406,950.684,504.883,507.324,0.000
1623671623.094,-672.852,-300.293,-792.969,-638.672,0.000
1623671623.098,-1000.000,-1000.000,-1000.000,-1000.000,0.000
1623671623.103,-233.887,-281.250,-331.543,-166.992,0.000
1623671623.107,-957.031,971.680,-958.496,930.176,0.000
1623671623.111,882.324,-953.125,726.074,693.848,0.000
1623671623.115,-407.715,-113.281,-565.918,-487.305,0.000
1623671623.118,-1000.000,-1000.000,-1000.000,-1000.000,0.000
1623671623.122,-327.637,-419.434,-393.555,-308.105,0.000
1623671623.126,939.453,879.395,932.129,842.773,0.000
1623671623.129,-942.383,-880.859,954.590,835.449,0.000
1623671623.133,-67.383,138.672,-237.305,-319.824,0.000
1623671623.137,-1000.000,-1000.000,-1000.000,-1000.000,0.000
1623671623.141,-550.293,-884.766,-617.188,-440.918,0.000
1623671623.144,801.270,434.082,708.984,671.387,0.000
1623671623.150,-876.465,-798.828,-972.656,913.086,0.000
1623671623.154,33.691,157.227,-186.035,-208.984,0.000
1623671623.158,-1000.000,-1000.000,-1000.000,-1000.000,0.000
1623671623.162,-562.500,-772.461,-566.406,-496.094,0.000
1623671623.165,781.738,567.383,680.664,647.949,0.000
1623671623.169,-844.238,-814.941,-846.680,978.027,0.000
1623671623.173,168.457,442.383,235.352,117.188,0.000
1623671623.177,-1000.000,-850.098,-1000.000,-923.340,0.000
1623671623.180,-1000.000,-1000.000,-1000.000,-794.922,0.000
1623671623.184,1.953,-240.234,45.898,314.453,0.000
1623671623.188,-784.668,-841.797,-817.383,-967.285,0.000
1623671623.192,226.074,416.992,201.660,224.121,0.000
1623671623.197,-1000.000,-939.941,-1000.000,-917.969,0.000
1623671623.201,-1000.000,-1000.000,-1000.000,-774.902,0.000
1623671623.205,69.824,-196.289,54.688,346.191,0.000
1623671623.208,-788.574,-855.469,-819.336,-951.660,0.000
1623671623.212,427.246,599.121,364.258,399.902,0.000
1623671623.216,-923.340,-796.387,-972.168,-784.668,0.000
1623671623.220,-1000.000,-1000.000,-1000.000,-868.652,0.000
1623671623.223,41.504,-151.367,125.488,277.832,0.000
1623671623.227,-808.105,-893.066,-834.473,-966.797,0.000
1623671623.231,499.512,757.812,411.621,410.156,0.000
1623671623.235,-827.148,-595.703,-850.098,-714.844,0.000
1623671623.238,-1000.000,-1000.000,-1000.000,-955.078,0.000
1623671623.244,-195.312,-178.711,-195.801,71.777,0.000
1623671623.248,-926.270,-993.164,-895.996,-974.121,0.000
1623671623.252,829.590,-975.098,642.090,662.598,0.000
1623671623.255,-490.723,-149.902,-641.113,-529.785,0.000
1623671623.259,-1000.000,-1000.000,-1000.000,-982.422,0.000
1623671623.263,-187.988,-225.098,-270.508,-25.391,0.000
1623671623.267,-971.191,986.816,-951.172,971.191,0.000
1623671623.270,961.914,-945.312,789.551,761.230,0.000
1623671623.274,-250.488,-21.484,-478.027,-415.039,0.000
1623671623.278,-1000.000,-1000.000,-1000.000,-1000.000,0.000
1623671623.282,-354.980,-665.527,-554.199,-307.617,0.000
1623671623.285,944.336,699.707,824.707,779.297,0.000
1623671623.291,-957.520,-845.703,856.445,825.684,0.000
1623671623.295,-129.883,17.578,-468.262,-358.887,0.000
1623671623.298,-1000.000,-1000.000,-1000.000,-1000.000,0.000
1623671623.302,-499.512,-852.539,-669.434,-432.129,0.000
1623671623.306,812.012,446.777,578.125,667.969,0.000
1623671623.310,-862.793,-788.086,-860.352,922.852,0.000
1623671623.313,176.270,152.344,37.109,-124.512,0.000
1623671623.317,-1000.000,-1000.000,-1000.000,-1000.000,0.000
1623671623.321,-814.453,-1000.000,-783.203,-632.324,0.000
1623671623.325,529.297,87.402,447.754,516.602,0.000
1623671623.328,-806.152,-766.602,-823.242,972.168,0.000
1623671623.332,152.832,279.297,162.598,9.277,0.000
1623671623.338,-1000.000,-967.285,-1000.000,-999.512,0.000
1623671623.342,-1000.000,-1000.000,-922.363,-747.559,0.000
1623671623.346,180.176,-151.367,245.605,368.164,0.000
1623671623.349,-779.297,-814.453,-818.848,-980.469,0.000
1623671623.353,190.918,381.348,222.168,139.648,0.000
1623671623.357,-1000.000,-990.234,-1000.000,-982.422,0.000
1623671623.361,-986.816,-1000.000,-841.797,-760.254,0.000
1623671623.364,257.812,114.258,402.832,417.480,0.000
1623671623.368,-774.902,-775.391,-815.430,-989.258,0.000
1623671623.372,193.359,357.910,229.004,156.738,0.000
1623671623.376,-989.258,-917.969,-985.840,-916.504,0.000
1623671623.379,-1000.000,-1000.000,-1000.000,-904.785,0.000
1623671623.385,-181.641,-233.887,-91.309,155.762,0.000
1623671623.389,-826.660,-902.832,-829.102,-961.914,0.000
1623671623.392,467.285,750.977,403.809,437.988,0.000
1623671623.396,-886.719,-621.094,-891.113,-734.375,0.000
1623671623.400,-1000.000,-1000.000,-1000.000,-968.750,0.000
1623671623.404,-215.820,-203.613,-148.926,86.426,0.000
1623671623.407,-870.605,-934.082,-854.492,-956.055,0.000
1623671623.411,612.793,845.215,506.348,525.391,0.000
1623671623.415,-757.812,-459.473,-779.785,-653.320,0.000
1623671623.419,-1000.000,-1000.000,-1000.000,-990.723,0.000
1623671623.422,-255.371,-450.684,-402.832,-142.090,0.000
1623671623.426,-972.168,893.555,989.746,906.738,0.000
1623671623.432,907.715,-938.965,766.113,757.324,0.000
1623671623.436,-378.906,-164.551,-562.988,-459.473,0.000
1623671623.439,-1000.000,-1000.000,-1000.000,-1000.000,0.000
1623671623.443,-310.059,-507.324,-424.316,-219.238,0.000
1623671623.447,932.617,817.871,869.629,837.891,0.000
1623671623.451,-922.363,-846.191,-969.238,870.605,0.000
1623671623.454,12.207,139.648,-123.047,-253.418,0.000
1623671623.458,-1000.000,-1000.000,-1000.000,-1000.000,0.000
1623671623.462,-752.441,-1000.000,-780.762,-512.207,0.000
1623671623.466,585.938,-141.602,469.727,551.758,0.000
1623671623.469,-833.008,-806.152,-923.340,938.477,0.000
1623671623.473,48.340,180.664,-136.719,-176.758,0.000
1623671623.479,-1000.000,-1000.000,-1000.000,-1000.000,0.000
1623671623.482,-790.039,-1000.000,-750.000,-554.199,0.000
1623671623.486,533.203,112.305,481.934,542.480,0.000
1623671623.490,-807.617,-766.113,-837.891,969.727,0.000
1623671623.494,145.508,148.926,84.473,-50.293,0.000
1623671623.497,-1000.000,-1000.000,-1000.000,-1000.000,0.000
1623671623.501,-995.117,-1000.000,-864.258,-684.082,0.000
1623671623.505,234.375,-125.000,323.730,427.734,0.000
1623671623.509,-775.879,-798.828,-833.496,996.094,0.000
1623671623.512,141.113,380.859,127.441,101.074,0.000
1623671623.516,-1000.000,-933.594,-1000.000,-955.078,0.000
1623671623.520,-1000.000,-1000.000,-987.305,-814.941,0.000
1623671623.526,-22.461,-235.352,105.957,292.969,0.000
1623671623.529,-783.691,-845.703,-815.430,-964.844,0.000
1623671623.533,276.855,511.719,328.613,281.738,0.000
1623671623.537,-976.074,-877.930,-954.590,-866.699,0.000
1623671623.541,-1000.000,-1000.000,-1000.000,-904.785,0.000
1623671623.544,-171.875,-209.473,-29.785,197.266,0.000
1623671623.548,-837.402,-932.617,-862.793,-960.449,0.000
1623671623.552,528.320,849.121,604.980,477.539,0.000
1623671623.556,-834.961,-480.957,-692.871,-676.270,0.000
1623671623.559,-1000.000,-1000.000,-1000.000,-981.445,0.000
1623671623.563,-210.938,-166.504,-69.824,74.707,0.000
1623671623.567,-907.715,989.258,-913.086,-979.980,0.000
1623671623.573,754.883,-944.824,776.855,610.352,0.000
1623671623.576,-592.773,13.672,-421.387,-514.160,0.000
1623671623.580,-1000.000,-1000.000,-1000.000,-1000.000,0.000
1623671623.584,-198.730,-376.953,-187.012,-95.215,0.000
1623671623.588,-992.676,909.668,-979.492,956.543,0.000
1623671623.591,-999.023,-892.090,957.520,742.188,0.000
1623671623.595,-167.969,193.359,-142.578,-363.281,0.000
1623671623.599,-1000.000,-1000.000,-1000.000,-1000.000,0.000
1623671623.603,-342.285,-751.465,-358.398,-291.016,0.000
1623671623.606,943.848,628.906,945.312,826.660,0.000
1623671623.610,-939.453,-825.684,-993.652,843.750,0.000
1623671623.614,-61.523,137.695,-116.211,-285.156,0.000
1623671623.620,-1000.000,-1000.000,-1000.000,-1000.000,0.000
1623671623.623,-506.348,-843.262,-500.977,-435.547,0.000
1623671623.627,817.383,494.141,781.738,711.426,0.000
1623671623.631,-866.211,-804.688,-881.836,921.387,0.000
1623671623.635,176.758,179.688,101.562,-124.512,0.000
1623671623.638,-1000.000,-1000.000,-1000.000,-1000.000,0.000
1623671623.642,-609.375,-805.176,-525.879,-549.805,0.000
1623671623.646,778.320,560.547,811.523,652.832,0.000
1623671623.650,-856.445,-802.246,-931.152,917.480,0.000
1623671623.653,95.703,136.719,-56.641,-179.199,0.000
1623671623.657,-1000.000,-1000.000,-1000.000,-1000.000,0.000
1623671623.661,-947.754,-1000.000,-855.957,-660.156,0.000
1623671623.666,304.688,-23.926,323.730,442.383,0.000
1623671623.670,-780.273,-778.809,-813.965,-986.328,0.000
1623671623.674,151.367,304.688,182.617,105.957,0.000
1623671623.678,-1000.000,-980.957,-1000.000,-985.840,0.000
1623671623.681,-1000.000,-1000.000,-975.586,-788.574,0.000
1623671623.685,84.473,-53.711,173.340,351.562,0.000
1623671623.689,-773.438,-799.805,-805.176,-947.754,0.000
1623671623.693,249.512,463.867,309.570,285.645,0.000
1623671623.696,-978.027,-876.953,-950.684,-878.418,0.000
1623671623.700,-1000.000,-1000.000,-1000.000,-879.883,0.000
1623671623.704,-176.270,-238.770,-108.398,222.168,0.000
1623671623.708,-821.777,-864.258,-822.266,-934.082,0.000
1623671623.713,416.992,581.543,361.328,447.266,0.000
1623671623.717,-919.434,-816.406,-933.105,-770.996,0.000
1623671623.721,-1000.000,-1000.000,-1000.000,-937.500,0.000
1623671623.725,-208.984,-162.109,-151.855,130.371,0.000
1623671623.728,-928.711,964.355,-919.922,-980.957,0.000
1623671623.732,835.449,-925.293,780.762,671.387,0.000
1623671623.736,-478.027,205.078,-447.754,-457.520,0.000
1623671623.740,-1000.000,-1000.000,-1000.000,-1000.000,0.000
1623671623.743,-233.398,-528.320,-304.199,-106.934,0.000
1623671623.747,-979.004,862.793,-997.559,934.082,0.000
1623671623.751,948.730,-879.883,864.258,763.184,0.000
1623671623.755,-289.551,103.516,-335.449,-396.973,0.000
1623671623.760,-1000.000,-1000.000,-1000.000,-1000.000,0.000
1623671623.764,-339.844,-627.930,-404.297,-287.109,0.000
1623671623.768,933.594,749.512,918.457,835.938,0.000
1623671623.771,-925.293,-847.168,995.605,856.934,0.000
1623671623.775,-40.039,174.316,-161.621,-290.527,0.000
1623671623.779,-1000.000,-1000.000,-1000.000,-1000.000,0.000
1623671623.783,-311.523,-557.129,-338.867,-269.043,0.000
1623671623.787,952.148,833.008,951.172,843.750,0.000
1623671623.790,-922.363,-863.770,-995.117,876.953,0.000
1623671623.794,57.129,181.641,-95.703,-234.863,0.000
1623671623.798,-1000.000,-1000.000,-1000.000,-1000.000,0.000
1623671623.802,-507.812,-777.832,-499.023,-452.148,0.000
1623671623.807,830.566,587.891,779.297,700.684,0.000
1623671623.811,-864.746,-807.617,-866.211,957.031,0.000
1623671623.815,180.176,178.223,165.039,-36.133,0.000
1623671623.819,-1000.000,-1000.000,-1000.000,-1000.000,0.000
1623671623.822,-882.812,-1000.000,-791.504,-665.039,0.000
1623671623.826,420.898,59.570,440.918,487.305,0.000
1623671623.830,-792.969,-774.902,-823.730,-983.887,0.000
1623671623.834,219.238,392.090,308.594,184.570,0.000
1623671623.837,-1000.000,-913.086,-1000.000,-931.152,0.000
1623671623.841,-1000.000,-1000.000,-951.172,-829.590,0.000
1623671623.845,117.188,-171.875,250.488,333.008,0.000
1623671623.849,-777.832,-828.613,-821.289,-952.148,0.000
1623671623.854,293.457,479.980,362.305,285.645,0.000
1623671623.858,-967.773,-886.719,-952.148,-869.629,0.000
1623671623.862,-1000.000,-1000.000,-1000.000,-893.555,0.000
1623671623.865,-78.613,-194.824,102.051,243.652,0.000
1623671623.869,-832.031,-987.793,-881.348,-978.027,0.000
1623671623.873,575.684,-994.629,667.969,462.891,0.000
1623671623.877,-770.020,-191.406,-586.914,-631.836,0.000
1623671623.880,-1000.000,-1000.000,-1000.000,-994.141,0.000
1623671623.884,-219.238,-222.168,-125.000,18.066,0.000
1623671623.888,-894.043,-982.422,-892.090,-985.352,0.000
1623671623.892,699.707,-993.164,690.430,573.242,0.000
1623671623.895,-668.945,-206.055,-581.055,-590.332,0.000
1623671623.901,-1000.000,-1000.000,-1000.000,-1000.000,0.000
1623671623.905,-203.613,-232.910,-155.273,-78.613,0.000
1623671623.909,-940.918,987.305,-928.223,987.305,0.000
1623671623.912,866.699,-938.965,814.453,678.223,0.000
1623671623.916,-439.453,-70.801,-424.805,-500.488,0.000
1623671623.920,-1000.000,-1000.000,-1000.000,-1000.000,0.000
1623671623.924,-194.824,-190.430,-136.719,-108.887,0.000
1623671623.927,-953.125,-978.027,-922.852,982.422,0.000
1623671623.931,914.062,-976.562,827.148,692.383,0.000
1623671623.935,-338.379,-118.164,-378.906,-478.027,0.000
1623671623.939,-1000.000,-1000.000,-1000.000,-1000.000,0.000
1623671623.942,-383.301,-636.719,-455.078,-384.277,0.000
1623671623.948,892.090,692.871,844.238,739.746,0.000
1623671623.952,-901.367,-825.195,-956.543,828.613,0.000
1623671623.955,66.895,152.832,-101.074,-297.363,0.000
1623671623.959,-1000.000,-1000.000,-1000.000,-1000.000,0.000
1623671623.963,-656.250,-1000.000,-689.941,-606.934,0.000
1623671623.967,692.383,145.020,544.434,540.039,0.000
1623671623.970,-836.914,-771.973,-852.539,942.871,0.000
1623671623.974,159.180,154.297,62.012,-142.578,0.000
1623671623.978,-1000.000,-1000.000,-1000.000,-1000.000,0.000
1623671623.982,-887.207,-1000.000,-854.492,-751.953,0.000
1623671623.985,420.898,134.766,378.418,422.852,0.000
1623671623.989,-792.480,-764.160,-823.242,970.215,0.000
1623671623.995,148.438,169.922,56.152,-99.121,0.000
1623671623.999,-1000.000,-1000.000,-1000.000,-1000.000,0.000
1623671624.002,-1000.000,-1000.000,-1000.000,-814.941,0.000
1623671624.006,119.141,-97.656,49.316,281.738,0.000
1623671624.010,-777.344,-915.039,-814.941,977.539,0.000
1623671624.014,324.707,897.461,323.242,184.082,0.000
1623671624.017,-940.430,-361.328,-938.965,-850.098,0.000
1623671624.021,-1000.000,-1000.000,-1000.000,-937.500,0.000
1623671624.025,-168.945,-229.004,-136.719,81.543,0.000
1623671624.029,-818.359,-844.238,-822.266,964.355,0.000
1623671624.033,322.754,522.461,237.305,198.730,0.000
1623671624.036,-965.820,-872.070,-992.188,-899.902,0.000
1623671624.042,-1000.000,-1000.000,-1000.000,-959.473,0.000
1623671624.045,-249.023,-222.168,-288.574,-15.625,0.000
1623671624.049,-852.539,-911.133,-859.863,987.305,0.000
1623671624.053,516.113,771.484,383.789,427.734,0.000
1623671624.057,-859.863,-595.703,-928.223,-762.695,0.000
1623671624.060,-1000.000,-1000.000,-1000.000,-985.840,0.000
1623671624.064,-226.074,-206.543,-238.770,-29.297,0.000
1623671624.068,-886.719,-922.852,-874.023,994.141,0.000
1623671624.072,669.434,809.082,518.066,534.180,0.000
1623671624.076,-699.707,-512.207,-797.363,-667.480,0.000
1623671624.079,-1000.000,-1000.000,-1000.000,-1000.000,0.000
1623671624.083,-272.949,-417.480,-430.664,-240.234,0.000
1623671624.089,988.770,873.535,942.383,857.422,0.000
1623671624.093,990.723,-888.672,833.984,767.578,0.000
1623671624.096,-233.398,60.547,-453.125,-408.203,0.000
1623671624.100,-1000.000,-1000.000,-1000.000,-1000.000,0.000
1623671624.104,-304.688,-395.020,-396.484,-355.957,0.000
1623671624.108,929.688,907.715,882.812,823.730,0.000
1623671624.111,-909.180,-879.883,-943.359,863.770,0.000
1623671624.115,111.328,167.969,-40.527,-249.512,0.000
1623671624.119,-1000.000,-1000.000,-1000.000,-1000.000,0.000
1623671624.123,-769.531,-1000.000,-786.621,-632.324,0.000
1623671624.126,574.219,106.445,480.957,518.555,0.000
1623671624.130,-821.289,-770.996,-883.301,934.082,0.000
1623671624.136,122.559,154.785,-57.129,-173.340,0.000
1623671624.139,-1000.000,-1000.000,-1000.000,-1000.000,0.000
1623671624.143,-858.887,-1000.000,-817.871,-640.625,0.000
1623671624.147,454.590,104.004,417.969,495.117,0.000
1623671624.151,-797.852,-768.555,-848.633,972.656,0.000
1623671624.154,149.902,317.383,67.383,1.465,0.000
1623671624.158,-1000.000,-953.613,-1000.000,-1000.000,0.000
1623671624.162,-1000.000,-1000.000,-878.418,-760.742,0.000
1623671624.166,214.355,-97.656,285.645,377.441,0.000
1623671624.169,-772.949,-798.828,-816.406,-973.633,0.000
1623671624.173,167.969,348.145,228.027,167.480,0.000
1623671624.177,-1000.000,-946.777,-1000.000,-936.035,0.000
1623671624.183,-1000.000,-1000.000,-1000.000,-869.629,0.000
1623671624.186,-158.691,-241.699,-47.363,200.684,0.000
1623671624.190,-815.918,-885.742,-835.449,-951.172,0.000
1623671624.194,419.434,687.500,460.449,437.988,0.000
1623671624.198,-925.781,-701.660,-873.047,-761.230,0.000
1623671624.201,-1000.000,-1000.000,-1000.000,-941.895,0.000
1623671624.205,-141.602,-207.520,49.805,178.223,0.000
1623671624.209,-830.566,-871.582,-847.168,-956.055,0.000
1623671624.213,494.629,629.395,531.250,424.805,0.000
1623671624.217,-859.375,-746.094,-751.953,-718.750,0.000
1623671624.220,-1000.000,-1000.000,-1000.000,-997.559,0.000
1623671624.224,-214.844,-350.586,-153.320,-61.035,0.000
1623671624.229,-935.547,933.105,-935.547,948.730,0.000
1623671624.233,841.797,-943.848,813.965,639.160,0.000
1623671624.237,-465.332,-126.465,-397.949,-497.559,0.000
1623671624.241,-1000.000,-1000.000,-1000.000,-1000.000,0.000
1623671624.244,-274.414,-643.555,-263.184,-289.062,0.000
1623671624.248,991.699,708.984,997.070,840.820,0.000
1623671624.252,988.281,-854.492,958.008,756.836,0.000
1623671624.256,-225.586,-3.418,-176.270,-403.320,0.000
1623671624.260,-1000.000,-1000.000,-1000.000,-1000.000,0.000
1623671624.263,-429.688,-749.023,-371.094,-445.801,0.000
1623671624.267,879.883,584.473,909.668,724.609,0.000
1623671624.271,-899.414,-814.941,-936.523,794.434,0.000
1623671624.276,30.762,178.223,17.090,-319.336,0.000
1623671624.280,-1000.000,-1000.000,-1000.000,-1000.000,0.000
1623671624.284,-543.457,-829.590,-427.246,-525.391,0.000
1623671624.288,799.805,511.230,846.680,652.832,0.000
1623671624.292,-858.887,-797.852,-883.301,888.184,0.000
1623671624.295,174.316,255.859,242.676,-144.043,0.000
1623671624.299,-1000.000,-986.328,-1000.000,-1000.000,0.000
1623671624.303,-837.891,-1000.000,-632.812,-733.398,0.000
1623671624.307,498.047,59.570,675.293,456.543,0.000
1623671624.310,-800.293,-772.949,-851.562,925.781,0.000
1623671624.314,141.113,135.254,179.199,-113.770,0.000
1623671624.318,-1000.000,-1000.000,-1000.000,-1000.000,0.000
1623671624.323,-1000.000,-1000.000,-891.602,-828.613,0.000
1623671624.327,83.008,-243.164,270.508,273.438,0.000
1623671624.331,-778.320,-829.102,-825.195,979.492,0.000
1623671624.335,227.051,424.316,331.543,86.914,0.000
1623671624.338,-1000.000,-950.195,-1000.000,-966.797,0.000
1623671624.342,-1000.000,-1000.000,-862.793,-876.953,0.000
1623671624.346,121.094,-64.453,388.184,235.352,0.000
1623671624.350,-777.832,-804.199,-826.660,917.480,0.000
1623671624.353,315.430,459.473,356.445,91.797,0.000
1623671624.357,-945.801,-882.812,-922.852,-909.668,0.000
1623671624.361,-1000.000,-1000.000,-1000.000,-960.449,0.000
1623671624.365,-164.551,-209.473,-50.293,54.199,0.000
1623671624.370,-864.258,-954.102,-868.164,938.965,0.000
1623671624.374,648.438,913.574,596.191,335.938,0.000
1623671624.378,-713.867,-376.953,-683.105,-722.168,0.000
1623671624.382,-1000.000,-1000.000,-1000.000,-1000.000,0.000
1623671624.385,-183.594,-185.547,-147.949,-130.859,0.000
1623671624.389,-974.121,969.238,-948.730,915.527,0.000
1623671624.393,965.820,-927.246,878.906,559.082,0.000
1623671624.397,-247.070,130.371,-287.109,-523.438,0.000
1623671624.400,-1000.000,-1000.000,-1000.000,-1000.000,0.000
1623671624.404,-291.016,-694.824,-407.227,-426.270,0.000
1623671624.408,990.234,706.055,966.797,704.590,0.000
1623671624.412,-998.535,-858.398,843.750,615.723,0.000
1623671624.417,-210.449,-21.484,-425.781,-505.371,0.000
1623671624.421,-1000.000,-1000.000,-1000.000,-1000.000,0.000
1623671624.425,-355.957,-663.574,-487.305,-450.684,0.000
1623671624.428,940.918,711.426,866.699,715.332,0.000
1623671624.432,-945.801,-845.215,937.500,733.398,0.000
1623671624.436,-102.539,-15.137,-333.008,-423.340,0.000
1623671624.440,-1000.000,-1000.000,-1000.000,-1000.000,0.000
1623671624.444,-614.258,-991.211,-690.430,-612.305,0.000
1623671624.447,712.891,210.938,567.383,542.969,0.000
1623671624.451,-842.285,-765.137,-883.301,861.328,0.000
1623671624.455,121.582,139.160,-40.527,-254.395,0.000
1623671624.459,-1000.000,-1000.000,-1000.000,-1000.000,0.000
1623671624.464,-917.480,-1000.000,-850.586,-746.094,0.000
1623671624.468,366.211,-13.672,357.910,398.926,0.000
1623671624.472,-792.480,-784.668,-828.613,943.359,0.000
1623671624.475,165.039,172.852,88.379,-128.418,0.000
1623671624.479,-1000.000,-1000.000,-1000.000,-1000.000,0.000
1623671624.483,-881.836,-1000.000,-743.164,-754.395,0.000
1623671624.487,432.617,207.520,513.672,432.617,0.000
1623671624.491,-790.527,-763.184,-824.707,968.262,0.000
1623671624.494,136.719,188.477,190.918,-40.527,0.000
1623671624.498,-1000.000,-983.887,-1000.000,-1000.000,0.000
1623671624.502,-1000.000,-1000.000,-993.652,-862.793,0.000
1623671624.506,-42.480,-217.285,124.023,226.074,0.000
1623671624.511,-794.434,-977.539,-861.328,-994.629,0.000
1623671624.515,417.480,998.535,561.035,360.352,0.000
1623671624.518,-909.668,-216.309,-740.234,-732.422,0.000
1623671624.522,-1000.000,-1000.000,-1000.000,-960.938,0.000
1623671624.526,-127.441,-186.523,108.887,128.418,0.000
1623671624.530,-882.812,-973.145,-914.062,-980.957,0.000
1623671624.534,730.957,-991.699,820.801,537.598,0.000
1623671624.537,-606.445,-199.707,-403.809,-570.801,0.000
1623671624.541,-1000.000,-1000.000,-1000.000,-1000.000,0.000
1623671624.545,-189.453,-179.199,11.230,13.184,0.000
1623671624.549,-944.336,-992.188,-944.336,-988.281,0.000
1623671624.553,888.184,-954.590,937.988,654.785,0.000
1623671624.558,-401.367,-71.777,-188.965,-468.750,0.000
1623671624.562,-1000.000,-1000.000,-1000.000,-1000.000,0.000
1623671624.566,-181.152,-259.277,-19.531,-60.547,0.000
1623671624.569,-983.887,950.195,-971.680,981.445,0.000
1623671624.573,-1000.000,-909.668,-975.586,745.117,0.000
1623671624.577,-157.227,221.680,70.801,-333.984,0.000
1623671624.581,-1000.000,-1000.000,-1000.000,-1000.000,0.000
1623671624.584,-322.754,-670.898,-177.734,-310.547,0.000
1623671624.588,979.004,760.742,-965.332,833.008,0.000
1623671624.592,-993.164,-857.422,985.352,771.973,0.000
1623671624.596,-204.590,-93.750,-83.984,-371.582,0.000
1623671624.600,-1000.000,-1000.000,-1000.000,-1000.000,0.000
1623671624.605,-695.801,-1000.000,-582.520,-546.387,0.000
1623671624.609,623.047,-85.938,693.848,575.684,0.000
1623671624.612,-840.820,-790.527,-904.785,884.277,0.000
1623671624.616,32.715,183.594,-14.648,-236.816,0.000
1623671624.620,-1000.000,-1000.000,-1000.000,-1000.000,0.000
1623671624.624,-798.340,-976.562,-653.809,-627.441,0.000
1623671624.627,526.367,290.527,636.719,543.457,0.000
1623671624.631,-802.734,-770.020,-849.609,940.430,0.000
1623671624.635,100.098,122.559,51.270,-147.461,0.000
1623671624.639,-1000.000,-1000.000,-1000.000,-1000.000,0.000
1623671624.643,-1000.000,-1000.000,-1000.000,-801.270,0.000
1623671624.646,-18.555,-249.023,96.191,277.344,0.000
1623671624.652,-782.227,-826.172,-840.332,991.211,0.000
1623671624.656,139.648,172.852,6.348,-10.254,0.000
1623671624.659,-1000.000,-1000.000,-1000.000,-1000.000,0.000
1623671624.663,-1000.000,-1000.000,-1000.000,-854.004,0.000
1623671624.667,-193.359,-246.094,-133.301,168.457,0.000
1623671624.671,-812.988,-914.551,-813.477,-964.355,0.000
1623671624.675,253.418,799.805,254.883,291.504,0.000
1623671624.678,-995.117,-522.461,-976.074,-862.305,0.000
1623671624.682,-1000.000,-1000.000,-1000.000,-950.684,0.000
1623671624.686,-277.344,-483.398,-430.176,-99.121,0.000
1623671624.690,-839.844,-952.637,-937.012,947.754,0.000
1623671624.694,300.293,525.391,243.164,381.348,0.000
1623671624.699,-982.422,-898.926,-1000.000,-881.348,0.000
1623671624.702,-1000.000,-1000.000,-1000.000,-938.965,0.000
1623671624.706,-348.633,-561.523,-636.719,-145.020,0.000
1623671624.710,-872.070,997.559,867.676,902.344,0.000
1623671624.714,384.277,590.332,271.484,476.074,0.000
1623671624.718,-948.242,-888.672,-1000.000,-822.266,0.000
1623671624.721,-1000.000,-1000.000,-1000.000,-964.844,0.000
1623671624.725,-587.402,-867.188,-947.754,-354.980,0.000
1623671624.729,962.402,531.738,419.434,684.570,0.000
1623671624.733,590.332,993.652,266.113,568.359,0.000
1623671624.737,-863.281,-494.141,-1000.000,-696.289,0.000
1623671624.740,-1000.000,-1000.000,-963.867,-1000.000,0.000
1623671624.746,-656.738,-881.836,-1000.000,-489.258,0.000
1623671624.749,787.109,376.953,212.402,595.215,0.000
1623671624.753,902.344,-805.176,529.297,758.789,0.000
1623671624.757,-539.062,-39.062,-951.660,-504.883,0.000
1623671624.761,-1000.000,-1000.000,-998.535,-1000.000,0.000
1623671624.765,-824.707,-938.965,-1000.000,-595.703,0.000
1623671624.768,534.180,342.773,117.676,523.926,0.000
1623671624.772,-952.148,-791.504,606.445,826.660,0.000
1623671624.776,-419.434,-81.055,-905.762,-427.734,0.000
1623671624.780,-1000.000,-1000.000,-998.047,-1000.000,0.000
1623671624.784,-1000.000,-1000.000,-1000.000,-708.496,0.000
1623671624.787,2.930,-253.906,-405.762,257.324,0.000
1623671624.792,-829.102,-819.824,220.215,768.066,0.000
1623671624.796,-144.043,160.156,-865.723,-305.664,0.000
1623671624.800,-1000.000,-1000.000,-1000.000,-1000.000,0.000
1623671624.804,-1000.000,-1000.000,-1000.000,-774.902,0.000
1623671624.808,-110.352,-266.113,-551.758,164.551,0.000
1623671624.811,-797.852,-832.031,495.117,865.234,0.000
1623671624.815,105.957,387.695,-482.910,-84.961,0.000
1623671624.819,-1000.000,-943.359,-1000.000,-1000.000,0.000
1623671624.823,-1000.000,-1000.000,-1000.000,-856.445,0.000
1623671624.827,-239.258,-285.156,-764.648,-35.645,0.000
1623671624.830,-823.730,-847.656,-48.828,726.074,0.000
1623671624.834,156.738,303.223,-656.738,-1.953,0.000
1623671624.839,-1000.000,-986.328,-1000.000,-987.305,0.000
1623671624.843,-1000.000,-1000.000,-1000.000,-886.230,0.000
1623671624.847,-257.324,-336.426,-910.645,-112.305,0.000
1623671624.851,-828.613,-864.258,-315.918,678.711,0.000
1623671624.855,186.523,407.715,-676.270,77.637,0.000
1623671624.858,-1000.000,-934.082,-1000.000,-951.172,0.000
1623671624.862,-1000.000,-1000.000,-985.840,-888.672,0.000
1623671624.866,-342.285,-525.879,-993.652,-171.875,0.000
1623671624.870,-861.816,-984.863,-619.629,569.824,0.000
1623671624.874,318.848,629.395,-803.223,123.047,0.000
1623671624.877,-976.562,-866.211,-1000.000,-864.746,0.000
1623671624.881,-1000.000,-1000.000,-974.609,-954.590,0.000
1623671624.886,-462.891,-1000.000,-1000.000,-369.141,0.000
1623671624.890,987.793,160.645,-889.160,399.902,0.000
1623671624.894,785.645,-806.152,-903.320,327.637,0.000
1623671624.898,-648.926,-145.508,-1000.000,-640.625,0.000
1623671624.901,-1000.000,-1000.000,-976.562,-950.195,0.000
1623671624.905,-316.406,-420.410,-1000.000,-315.430,0.000
1623671624.909,966.309,804.199,-205.566,635.742,0.000
1623671624.913,708.008,-914.551,-170.898,569.824,0.000
1623671624.917,-700.195,-169.434,-1000.000,-607.910,0.000
1623671624.920,-1000.000,-1000.000,-957.031,-1000.000,0.000
1623671624.924,-604.004,-712.402,-1000.000,-449.707,0.000
1623671624.928,760.254,623.535,158.691,603.516,0.000
1623671624.933,-932.617,-831.543,712.402,889.160,0.000
1623671624.937,-211.426,26.367,-752.930,-320.801,0.000
1623671624.941,-1000.000,-1000.000,-1000.000,-1000.000,0.000
1623671624.945,-581.055,-841.797,-826.660,-342.285,0.000
1623671624.949,721.680,437.012,319.824,637.207,0.000
1623671624.952,-844.727,-815.918,-812.500,961.914,0.000
1623671624.956,240.234,549.805,261.719,111.816,0.000
1623671624.960,-1000.000,-821.289,-1000.000,-950.684,0.000
1623671624.964,-665.039,-1000.000,-600.586,-668.945,0.000
1623671624.968,716.309,174.316,746.094,558.105,0.000
1623671624.971,-916.504,-938.965,-979.492,946.777,0.000
1623671624.975,784.668,-976.074,928.711,354.004,0.000
1623671624.980,-737.793,-305.664,-394.043,-692.871,0.000
1623671624.984,-642.090,-958.008,-362.305,-711.914,0.000
1623671624.988,920.898,657.227,-943.359,611.328,0.000
1623671624.992,964.355,-997.070,968.750,981.934,0.000
1623671624.995,-974.121,-948.730,935.059,407.227,0.000
1623671624.999,-100.098,258.301,976.562,-286.621,0.000
1623671625.003,-1000.000,-1000.000,968.262,-444.824,0.000
1623671625.007,384.766,-35.156,970.215,365.234,0.000
1623671625.011,-945.312,-955.566,961.426,900.879,0.000
1623671625.014,-981.445,-938.477,991.699,474.609,0.000
1623671625.018,-1.953,235.840,882.812,-308.594,0.000
1623671625.022,-1000.000,-1000.000,850.098,-573.730,0.000
1623671625.027,113.281,-193.359,984.863,272.461,0.000
1623671625.031,-934.570,-992.188,950.684,898.926,0.000
1623671625.035,-988.281,-917.480,-985.840,544.434,0.000
1623671625.039,-16.602,219.727,799.316,-318.848,0.000
1623671625.042,-1000.000,-1000.000,674.805,-721.191,0.000
1623671625.046,-82.520,-202.637,982.910,145.020,0.000
1623671625.050,-965.820,-994.629,933.594,895.996,0.000
1623671625.054,-960.449,-918.457,-940.918,602.051,0.000
1623671625.058,5.859,216.797,650.391,-349.121,0.000
1623671625.061,-1000.000,-1000.000,165.527,-937.988,0.000
1623671625.065,-133.789,-235.840,864.258,-35.156,0.000
1623671625.069,-992.676,992.188,998.047,888.184,0.000
1623671625.074,-929.199,-920.410,986.328,658.691,0.000
1623671625.078,152.832,231.934,825.195,-206.543,0.000
1623671625.082,-1000.000,-1000.000,402.344,-842.285,0.000
1623671625.085,-208.984,-419.434,813.477,-158.203,0.000
1623671625.089,990.723,901.855,-994.141,813.477,0.000
1623671625.093,-918.457,-879.395,966.309,783.691,0.000
1623671625.097,261.230,360.840,937.988,45.898,0.000
1623671625.101,-1000.000,-912.109,510.742,-693.848,0.000
1623671625.104,-335.938,-1000.000,751.953,-283.203,0.000
1623671625.108,947.754,-208.008,-988.770,645.020,0.000
1623671625.112,-906.738,-847.656,948.242,820.801,0.000
1623671625.116,333.496,529.297,999.512,170.410,0.000
1623671625.121,-1000.000,-1000.000,127.930,-743.164,0.000
1623671625.125,-462.402,-905.273,245.117,-489.258,0.000
1623671625.129,890.625,484.375,-959.961,659.668,0.000
1623671625.132,-896.973,-846.680,960.449,908.203,0.000
1623671625.136,463.379,638.672,966.797,252.441,0.000
1623671625.140,-1000.000,-918.945,116.699,-665.527,0.000
1623671625.144,-498.535,-664.062,258.789,-446.777,0.000
1623671625.148,897.949,837.402,-960.449,705.078,0.000
1623671625.151,-906.738,-921.875,920.410,929.199,0.000
1623671625.155,507.324,717.773,-926.758,368.652,0.000
1623671625.159,-900.391,-582.031,-204.590,-647.461,0.000
1623671625.163,-994.141,-1000.000,-478.027,-782.227,0.000
1623671625.168,354.980,-114.746,941.406,438.965,0.000
1623671625.172,-843.262,-915.527,986.816,-985.840,0.000
1623671625.176,644.043,852.051,953.125,503.906,0.000
1623671625.179,-653.809,-453.613,-212.402,-566.895,0.000
1623671625.183,-1000.000,-1000.000,-1000.000,-928.223,0.000
1623671625.187,-115.234,-176.270,270.996,208.496,0.000
1623671625.191,-926.270,-992.676,-949.219,-960.449,0.000
1623671625.195,873.047,-972.168,956.055,657.715,0.000
1623671625.198,-402.832,-127.930,-123.535,-438.965,0.000
1623671625.202,-1000.000,-1000.000,-1000.000,-979.004,0.000
1623671625.206,-179.688,-303.711,11.719,63.477,0.000
1623671625.210,-970.215,960.938,-940.430,-982.910,0.000
1623671625.215,976.562,-926.758,953.125,770.020,0.000
1623671625.219,-235.352,-51.758,-133.789,-353.027,0.000
1623671625.223,-1000.000,-1000.000,-1000.000,-1000.000,0.000
1623671625.226,-161.133,-240.723,-15.625,13.672,0.000
1623671625.230,978.516,957.520,-992.188,986.328,0.000
1623671625.234,-923.828,-900.879,-941.406,829.102,0.000
1623671625.238,199.707,211.426,286.621,-132.324,0.000
1623671625.242,-1000.000,-1000.000,-1000.000,-1000.000,0.000
1623671625.245,-428.711,-1000.000,-393.066,-416.504,0.000
1623671625.249,906.738,23.926,919.922,717.285,0.000
1623671625.253,-892.578,-783.203,-918.945,913.086,0.000
1623671625.257,170.898,172.363,86.426,-139.648,0.000
1623671625.262,-1000.000,-1000.000,-1000.000,-1000.000,0.000
1623671625.266,-682.617,-1000.000,-672.363,-597.656,0.000
1623671625.269,688.965,245.605,630.371,576.172,0.000
1623671625.273,-833.008,-770.020,-862.793,934.082,0.000
1623671625.277,150.391,140.137,30.273,-126.953,0.000
1623671625.281,-1000.000,-1000.000,-1000.000,-1000.000,0.000
1623671625.285,-983.398,-1000.000,-923.340,-752.930,0.000
1623671625.288,272.461,0.977,313.477,352.051,0.000
1623671625.292,-783.203,-774.902,-979.492,856.934,0.000
1623671625.296,44.922,137.207,-315.430,-234.375,0.000
1623671625.300,-1000.000,-1000.000,-1000.000,-1000.000,0.000
1623671625.304,-1000.000,-1000.000,-1000.000,-838.867,0.000
1623671625.309,-243.164,-291.504,-557.129,-21.484,0.000
1623671625.313,-823.730,-837.891,499.512,744.629,0.000
1623671625.316,158.203,230.469,-375.000,-58.105,0.000
1623671625.320,-1000.000,-1000.000,-1000.000,-1000.000,0.000
1623671625.324,-1000.000,-1000.000,-1000.000,-907.715,0.000
1623671625.328,-254.883,-259.277,-621.582,-104.980,0.000
1623671625.332,-828.125,-829.590,736.328,836.426,0.000
1623671625.335,161.621,311.035,-93.750,90.332,0.000
1623671625.339,-1000.000,-973.633,-1000.000,-1000.000,0.000
1623671625.343,-1000.000,-1000.000,-962.891,-926.270,0.000
1623671625.347,-463.379,-743.652,-995.117,-329.590,0.000
1623671625.351,-917.969,848.633,-574.707,450.684,0.000
